{"chunk_definitions":[{"row":26,"row_count":1,"visible":true,"expansion_state":0,"options":{"engine":"r","message":false,"warning":false,"label":"unnamed-chunk-8","dev":"png"},"document_id":"E610BB87","chunk_id":"cvo55cgld7hfi","chunk_label":"unnamed-chunk-1"},{"row":33,"row_count":1,"visible":true,"expansion_state":0,"options":{"engine":"r","label":"unnamed-chunk-63","dev":"png"},"document_id":"E610BB87","chunk_id":"clcgvzqsrcz12","chunk_label":"unnamed-chunk-2"},{"row":43,"row_count":1,"visible":true,"expansion_state":0,"options":{"engine":"r","label":"unnamed-chunk-39","dev":"png"},"document_id":"E610BB87","chunk_id":"cv6v7175u7dm8","chunk_label":"unnamed-chunk-3"},{"row":77,"row_count":1,"visible":true,"expansion_state":0,"options":{"engine":"r","label":"unnamed-chunk-41","dev":"png"},"document_id":"E610BB87","chunk_id":"cj8xb4uj70u8r","chunk_label":"unnamed-chunk-4"},{"row":159,"row_count":1,"visible":true,"expansion_state":0,"options":{"engine":"r","label":"unnamed-chunk-43","dev":"png"},"document_id":"E610BB87","chunk_id":"cdp4n3ca1flqi","chunk_label":"unnamed-chunk-6"},{"row":196,"row_count":1,"visible":true,"expansion_state":0,"options":{"engine":"r","label":"unnamed-chunk-45","dev":"png"},"document_id":"E610BB87","chunk_id":"cyuavwm8exptw","chunk_label":"unnamed-chunk-7"},{"row":226,"row_count":1,"visible":true,"expansion_state":0,"options":{"engine":"r","label":"unnamed-chunk-47","dev":"png"},"document_id":"E610BB87","chunk_id":"c7dhtw1gn2b1b","chunk_label":"unnamed-chunk-8"},{"row":251,"row_count":1,"visible":true,"expansion_state":0,"options":{"engine":"r","label":"unnamed-chunk-49","dev":"png"},"document_id":"E610BB87","chunk_id":"cug4mt1qzr2ji","chunk_label":"unnamed-chunk-9"},{"row":300,"row_count":1,"visible":true,"expansion_state":0,"options":{"engine":"r","label":"unnamed-chunk-62","dev":"png"},"document_id":"E610BB87","chunk_id":"cjzr17o67a6vb","chunk_label":"unnamed-chunk-10"}],"doc_write_time":1743621131}