"0","reedfrogs <- read_delim(""https://github.com/rmcelreath/rethinking/raw/master/data/reedfrogs.csv"",
                        delim = "";"") |>
  mutate(tank = 1:n() |> as.character(),
         died = density - surv)
"
"2","[1mRows: [22m[34m48[39m [1mColumns: [22m[34m5[39m"
"2","[36m──[39m [1mColumn specification[22m [36m──────────────────────────────────────────────────────────────────────[39m
[1mDelimiter:[22m "";""
[31mchr[39m (2): pred, size
[32mdbl[39m (3): density, surv, propsurv"
"2","
[36mℹ[39m Use `spec()` to retrieve the full column specification for this data.
[36mℹ[39m Specify the column types or set `show_col_types = FALSE` to quiet this message."
