{"chunk_definitions":[{"row":15,"row_count":1,"visible":true,"expansion_state":0,"options":{"engine":"r","message":false,"warning":false,"label":"unnamed-chunk-72","dev":"png"},"document_id":"E610BB87","chunk_id":"ce4if8bwpo1wi","chunk_label":"unnamed-chunk-1"},{"row":46,"row_count":1,"visible":true,"expansion_state":0,"options":{"engine":"r","label":"unnamed-chunk-5","dev":"png"},"document_id":"E610BB87","chunk_id":"cki80fagk2wct","chunk_label":"unnamed-chunk-2"},{"row":80,"row_count":1,"visible":true,"expansion_state":0,"options":{"engine":"r","label":"unnamed-chunk-37","dev":"png"},"document_id":"E610BB87","chunk_id":"cp1vf4gs9gt7t","chunk_label":"unnamed-chunk-3"},{"row":162,"row_count":1,"visible":true,"expansion_state":0,"options":{"engine":"r","label":"unnamed-chunk-119","dev":"png"},"document_id":"E610BB87","chunk_id":"c3fzq9j4nt6z4","chunk_label":"unnamed-chunk-5"}],"doc_write_time":1742400120,"chunk_rendered_width":700}