"0","# Repeat data organization from above, but for MA
covid_ma <- filter(covid_us, Province_State == ""Massachusetts"") |>
  relocate(Province_State, Admin2, .before = UID) |>
  select(-c(UID:Combined_Key)) |>
  pivot_longer(cols = -c(Province_State, Admin2),
               names_to = ""date_col"",
               values_to = ""cumulative_cases"") |> 
  mutate(date_col = lubridate::mdy(date_col)) |>
  group_by(date_col) |>
  summarize(cumulative_cases = sum(cumulative_cases)) |> 
  mutate(new_daily_cases = c(cumulative_cases[1], diff(cumulative_cases)))
"
"2","Error in select(relocate(filter(covid_us, Province_State == ""Massachusetts""),  : 
  unused argument (-c(UID:Combined_Key))
"
