{"chunk_definitions":[{"row":27,"row_count":1,"visible":true,"expansion_state":0,"options":{"engine":"r","message":false,"warning":false,"label":"unnamed-chunk-179","dev":"png"},"document_id":"E610BB87","chunk_id":"cg4u4vc8ggeob","chunk_label":"unnamed-chunk-1"},{"row":34,"row_count":1,"visible":true,"expansion_state":0,"options":{"engine":"r","label":"unnamed-chunk-24","dev":"png"},"document_id":"E610BB87","chunk_id":"cagjxv0eyt2pg","chunk_label":"unnamed-chunk-2"},{"row":44,"row_count":1,"visible":true,"expansion_state":0,"options":{"engine":"r","label":"unnamed-chunk-39","dev":"png"},"document_id":"E610BB87","chunk_id":"cv6v7175u7dm8","chunk_label":"unnamed-chunk-3"},{"row":78,"row_count":1,"visible":true,"expansion_state":0,"options":{"engine":"r","label":"unnamed-chunk-41","dev":"png"},"document_id":"E610BB87","chunk_id":"cj8xb4uj70u8r","chunk_label":"unnamed-chunk-4"},{"row":197,"row_count":1,"visible":true,"expansion_state":0,"options":{"engine":"r","label":"unnamed-chunk-215","dev":"png"},"document_id":"E610BB87","chunk_id":"cyuavwm8exptw","chunk_label":"unnamed-chunk-7"},{"row":227,"row_count":1,"visible":true,"expansion_state":0,"options":{"engine":"r","label":"unnamed-chunk-217","dev":"png"},"document_id":"E610BB87","chunk_id":"cahoptyo1u3c8","chunk_label":"unnamed-chunk-8"},{"row":252,"row_count":1,"visible":true,"expansion_state":0,"options":{"engine":"r","label":"unnamed-chunk-30","dev":"png"},"document_id":"E610BB87","chunk_id":"cug4mt1qzr2ji","chunk_label":"unnamed-chunk-9"},{"row":305,"row_count":1,"visible":true,"expansion_state":0,"options":{"engine":"r","label":"unnamed-chunk-53","dev":"png"},"document_id":"E610BB87","chunk_id":"cjzr17o67a6vb","chunk_label":"unnamed-chunk-10"},{"row":370,"row_count":1,"visible":true,"expansion_state":0,"options":{"engine":"r","label":"unnamed-chunk-262","dev":"png"},"document_id":"E610BB87","chunk_id":"c0l4vj44xl83b","chunk_label":"unnamed-chunk-11"},{"row":390,"row_count":1,"visible":true,"expansion_state":0,"options":{"engine":"r","label":"unnamed-chunk-130","dev":"png"},"document_id":"E610BB87","chunk_id":"c1jdkma88kr4r","chunk_label":"unnamed-chunk-12"},{"row":426,"row_count":1,"visible":true,"expansion_state":0,"options":{"engine":"r","label":"unnamed-chunk-266","dev":"png"},"document_id":"E610BB87","chunk_id":"cqse4tvaoo3kz","chunk_label":"unnamed-chunk-13"},{"row":478,"row_count":1,"visible":true,"expansion_state":0,"options":{"engine":"r","label":"unnamed-chunk-297","dev":"png"},"document_id":"E610BB87","chunk_id":"ciqa15fyw87p5","chunk_label":"unnamed-chunk-14"},{"row":501,"row_count":1,"visible":true,"expansion_state":0,"options":{"engine":"r","label":"unnamed-chunk-207","dev":"png"},"document_id":"E610BB87","chunk_id":"c4lv9zoy7gv5x","chunk_label":"unnamed-chunk-15"},{"row":520,"row_count":1,"visible":true,"expansion_state":0,"options":{"engine":"r","label":"unnamed-chunk-240","dev":"png"},"document_id":"E610BB87","chunk_id":"ch2gvnzx0b3kz","chunk_label":"unnamed-chunk-16"},{"row":542,"row_count":1,"visible":true,"expansion_state":0,"options":{"engine":"r","label":"unnamed-chunk-244","dev":"png"},"document_id":"E610BB87","chunk_id":"c4kwpedgdl8bx","chunk_label":"unnamed-chunk-17"}],"doc_write_time":1743722939,"chunk_rendered_width":700}