{"chunk_definitions":[{"row":32,"row_count":1,"visible":true,"expansion_state":0,"options":{"engine":"r","message":false,"warning":false,"label":"unnamed-chunk-230","dev":"png"},"document_id":"E610BB87","chunk_id":"csvps0wkhh6vm","chunk_label":"unnamed-chunk-1"},{"row":39,"row_count":1,"visible":true,"expansion_state":0,"options":{"engine":"r","label":"unnamed-chunk-116","dev":"png"},"document_id":"E610BB87","chunk_id":"cddnnp8zpvrw9","chunk_label":"unnamed-chunk-2"},{"row":49,"row_count":1,"visible":true,"expansion_state":0,"options":{"engine":"r","label":"unnamed-chunk-231","dev":"png"},"document_id":"E610BB87","chunk_id":"cv6v7175u7dm8","chunk_label":"unnamed-chunk-3"},{"row":83,"row_count":1,"visible":true,"expansion_state":0,"options":{"engine":"r","label":"unnamed-chunk-232","dev":"png"},"document_id":"E610BB87","chunk_id":"cj8xb4uj70u8r","chunk_label":"unnamed-chunk-4"},{"row":108,"row_count":1,"visible":true,"expansion_state":0,"options":{"engine":"r","label":"unnamed-chunk-123","dev":"png"},"document_id":"E610BB87","chunk_id":"ciqedau8u8juk","chunk_label":"unnamed-chunk-5"},{"row":165,"row_count":1,"visible":true,"expansion_state":0,"options":{"engine":"r","label":"unnamed-chunk-233","dev":"png"},"document_id":"E610BB87","chunk_id":"co31mxezpv2ke","chunk_label":"unnamed-chunk-6"},{"row":203,"row_count":1,"visible":true,"expansion_state":0,"options":{"engine":"r","label":"unnamed-chunk-126","dev":"png"},"document_id":"E610BB87","chunk_id":"cyuavwm8exptw","chunk_label":"unnamed-chunk-7"},{"row":234,"row_count":1,"visible":true,"expansion_state":0,"options":{"engine":"r","label":"unnamed-chunk-127","dev":"png"},"document_id":"E610BB87","chunk_id":"cahoptyo1u3c8","chunk_label":"unnamed-chunk-8"},{"row":259,"row_count":1,"visible":true,"expansion_state":0,"options":{"engine":"r","label":"unnamed-chunk-132","dev":"png"},"document_id":"E610BB87","chunk_id":"cug4mt1qzr2ji","chunk_label":"unnamed-chunk-9"},{"row":317,"row_count":1,"visible":true,"expansion_state":0,"options":{"engine":"r","label":"unnamed-chunk-165","dev":"png"},"document_id":"E610BB87","chunk_id":"cjzr17o67a6vb","chunk_label":"unnamed-chunk-10"},{"row":385,"row_count":1,"visible":true,"expansion_state":0,"options":{"engine":"r","label":"unnamed-chunk-173","dev":"png"},"document_id":"E610BB87","chunk_id":"czsyu23ncodgl","chunk_label":"unnamed-chunk-11"},{"row":405,"row_count":1,"visible":true,"expansion_state":0,"options":{"engine":"r","label":"unnamed-chunk-177","dev":"png"},"document_id":"E610BB87","chunk_id":"c1jdkma88kr4r","chunk_label":"unnamed-chunk-12"},{"row":443,"row_count":1,"visible":true,"expansion_state":0,"options":{"engine":"r","label":"unnamed-chunk-183","dev":"png"},"document_id":"E610BB87","chunk_id":"cqse4tvaoo3kz","chunk_label":"unnamed-chunk-13"},{"row":497,"row_count":1,"visible":true,"expansion_state":0,"options":{"engine":"r","label":"unnamed-chunk-199","dev":"png"},"document_id":"E610BB87","chunk_id":"ciqa15fyw87p5","chunk_label":"unnamed-chunk-14"},{"row":520,"row_count":1,"visible":true,"expansion_state":0,"options":{"engine":"r","label":"unnamed-chunk-207","dev":"png"},"document_id":"E610BB87","chunk_id":"c4lv9zoy7gv5x","chunk_label":"unnamed-chunk-15"},{"row":539,"row_count":1,"visible":true,"expansion_state":0,"options":{"engine":"r","label":"unnamed-chunk-13","dev":"png"},"document_id":"E610BB87","chunk_id":"chj268jgenqdr","chunk_label":"unnamed-chunk-16"},{"row":558,"row_count":1,"visible":true,"expansion_state":0,"options":{"engine":"r","label":"unnamed-chunk-209","dev":"png"},"document_id":"E610BB87","chunk_id":"cneqxrawruh6m","chunk_label":"unnamed-chunk-17"},{"row":581,"row_count":1,"visible":true,"expansion_state":0,"options":{"engine":"r","label":"unnamed-chunk-56","dev":"png"},"document_id":"E610BB87","chunk_id":"ccycxqlenrz5d","chunk_label":"unnamed-chunk-18"},{"row":645,"row_count":1,"visible":true,"expansion_state":0,"options":{"engine":"r","label":"unnamed-chunk-121","dev":"png"},"document_id":"E610BB87","chunk_id":"cozsd9hkzwiqe","chunk_label":"unnamed-chunk-21"}],"doc_write_time":1743805040,"chunk_rendered_width":700}