{"chunk_definitions":[{"row":14,"row_count":1,"visible":true,"expansion_state":0,"options":{"engine":"r","message":false,"warning":false,"label":"unnamed-chunk-17","dev":"png"},"document_id":"423BDC4C","chunk_id":"c39fsqv7bfg5n","chunk_label":"unnamed-chunk-1"},{"row":66,"row_count":1,"visible":true,"expansion_state":0,"options":{"engine":"r","label":"unnamed-chunk-33","dev":"png"},"document_id":"423BDC4C","chunk_id":"cl5xax2dd3syo","chunk_label":"unnamed-chunk-3"},{"row":72,"row_count":1,"visible":true,"expansion_state":0,"options":{"engine":"r","label":"unnamed-chunk-36","dev":"png"},"document_id":"423BDC4C","chunk_id":"c8ksql90wskdk","chunk_label":"unnamed-chunk-4"},{"row":93,"row_count":1,"visible":true,"expansion_state":0,"options":{"engine":"r","label":"unnamed-chunk-50","dev":"png"},"document_id":"423BDC4C","chunk_id":"cen7kqg29vok4","chunk_label":"unnamed-chunk-5"},{"row":114,"row_count":1,"visible":true,"expansion_state":0,"options":{"engine":"r","label":"unnamed-chunk-51","dev":"png"},"document_id":"423BDC4C","chunk_id":"cuar2wr6m59cn","chunk_label":"unnamed-chunk-6"}],"doc_write_time":1742394851}