"0","# Filter to include only Vermont
covid_vt <- filter(covid_us, Province_State == ""Vermont"") |>
  # Remove excess variables
  select(-c(UID:Combined_Key)) |>
  # Pivot longer to make each row a unique day. Columns for day, new daily cases, cumulative cases
  pivot_longer(cols = everything(),
               names_to = ""day"",
               values_to = ""cumulative_cases"") |> 
  # Calculate new_daily_cases based on cumulative data
  mutate(
    new_daily_cases = diff(cumulative_cases)
  )
"
"1","[1m[33mError[39m in `mutate()`:[22m
[38;5;250m[36mℹ[38;5;250m In argument: `new_daily_cases = diff(cumulative_cases)`.[39m
[1mCaused by error:[22m
[38;5;250m[33m![38;5;250m `new_daily_cases` must be size 18288 or 1, not 18287.[39m
[90mRun `]8;;x-r-run:rlang::last_trace()rlang::last_trace()]8;;` to see where the error occurred.[39m
"
