{"chunk_definitions":[{"row":27,"row_count":1,"visible":true,"expansion_state":0,"options":{"engine":"r","message":false,"warning":false,"label":"unnamed-chunk-198","dev":"png"},"document_id":"E610BB87","chunk_id":"cpqugnsuy59i6","chunk_label":"unnamed-chunk-1"},{"row":71,"row_count":1,"visible":true,"expansion_state":0,"options":{"engine":"r","label":"unnamed-chunk-10","dev":"png"},"document_id":"E610BB87","chunk_id":"c09ya1c8ybqrm","chunk_label":"unnamed-chunk-3"},{"row":190,"row_count":1,"visible":true,"expansion_state":0,"options":{"engine":"r","label":"unnamed-chunk-26","dev":"png"},"document_id":"E610BB87","chunk_id":"c20x7nmrsy16w","chunk_label":"unnamed-chunk-6"},{"row":220,"row_count":1,"visible":true,"expansion_state":0,"options":{"engine":"r","label":"unnamed-chunk-126","dev":"png"},"document_id":"E610BB87","chunk_id":"cyfarqzbusnu4","chunk_label":"unnamed-chunk-7"},{"row":245,"row_count":1,"visible":true,"expansion_state":0,"options":{"engine":"r","label":"unnamed-chunk-36","dev":"png"},"document_id":"E610BB87","chunk_id":"c06vo1v2d4pjv","chunk_label":"unnamed-chunk-8"},{"row":291,"row_count":1,"visible":true,"expansion_state":0,"options":{"engine":"r","label":"unnamed-chunk-141","dev":"png"},"document_id":"E610BB87","chunk_id":"c83tsvsh3eclk","chunk_label":"unnamed-chunk-9"}],"doc_write_time":1743450576,"chunk_rendered_width":700}