{"chunk_definitions":[{"row":24,"row_count":1,"visible":true,"expansion_state":0,"options":{"engine":"r","message":false,"warning":false,"label":"unnamed-chunk-23","dev":"png"},"document_id":"E610BB87","chunk_id":"c94rumq77rc1a","chunk_label":"unnamed-chunk-1"},{"row":55,"row_count":1,"visible":true,"expansion_state":0,"options":{"engine":"r","label":"unnamed-chunk-5","dev":"png"},"document_id":"E610BB87","chunk_id":"cki80fagk2wct","chunk_label":"unnamed-chunk-2"},{"row":89,"row_count":1,"visible":true,"expansion_state":0,"options":{"engine":"r","label":"unnamed-chunk-37","dev":"png"},"document_id":"E610BB87","chunk_id":"cp1vf4gs9gt7t","chunk_label":"unnamed-chunk-3"},{"row":171,"row_count":1,"visible":true,"expansion_state":0,"options":{"engine":"r","label":"unnamed-chunk-118","dev":"png"},"document_id":"E610BB87","chunk_id":"c3fzq9j4nt6z4","chunk_label":"unnamed-chunk-5"},{"row":206,"row_count":1,"visible":true,"expansion_state":0,"options":{"engine":"r","label":"unnamed-chunk-16","dev":"png"},"document_id":"E610BB87","chunk_id":"cl5ao14xlvuln","chunk_label":"unnamed-chunk-6"},{"row":227,"row_count":1,"visible":true,"expansion_state":0,"options":{"engine":"r","label":"unnamed-chunk-18","dev":"png"},"document_id":"E610BB87","chunk_id":"c68vwhgbjj5do","chunk_label":"unnamed-chunk-7"}],"doc_write_time":1742403321}