"0","# Read in data
census_us <- read_csv(""https://www2.census.gov/programs-surveys/popest/datasets/2020-2024/state/totals/NST-EST2024-ALLDATA.csv"")
"
"2","[1mRows: [22m[34m66[39m [1mColumns: [22m[34m75[39m"
"2","[36m──[39m [1mColumn specification[22m [36m────────────────────────────────────────────────────────────────────────[39m
[1mDelimiter:[22m "",""
[31mchr[39m  (5): SUMLEV, REGION, DIVISION, STATE, NAME
[32mdbl[39m (70): ESTIMATESBASE2020, POPESTIMATE2020, POPESTIMATE2021, POPESTIMATE2022, POPESTIMATE2..."
"2","
[36mℹ[39m Use `spec()` to retrieve the full column specification for this data.
[36mℹ[39m Specify the column types or set `show_col_types = FALSE` to quiet this message."
