{"chunk_definitions":[{"row":31,"row_count":1,"visible":true,"expansion_state":0,"options":{"engine":"r","message":false,"warning":false,"label":"unnamed-chunk-52","dev":"png"},"document_id":"E610BB87","chunk_id":"csvps0wkhh6vm","chunk_label":"unnamed-chunk-1"},{"row":38,"row_count":1,"visible":true,"expansion_state":0,"options":{"engine":"r","label":"unnamed-chunk-53","dev":"png"},"document_id":"E610BB87","chunk_id":"c7rw12xnn5xx5","chunk_label":"unnamed-chunk-2"},{"row":48,"row_count":1,"visible":true,"expansion_state":0,"options":{"engine":"r","label":"unnamed-chunk-34","dev":"png"},"document_id":"E610BB87","chunk_id":"cv6v7175u7dm8","chunk_label":"unnamed-chunk-3"},{"row":82,"row_count":1,"visible":true,"expansion_state":0,"options":{"engine":"r","label":"unnamed-chunk-37","dev":"png"},"document_id":"E610BB87","chunk_id":"cj8xb4uj70u8r","chunk_label":"unnamed-chunk-4"},{"row":107,"row_count":1,"visible":true,"expansion_state":0,"options":{"engine":"r","label":"unnamed-chunk-123","dev":"png"},"document_id":"E610BB87","chunk_id":"ciqedau8u8juk","chunk_label":"unnamed-chunk-5"},{"row":202,"row_count":1,"visible":true,"expansion_state":0,"options":{"engine":"r","label":"unnamed-chunk-126","dev":"png"},"document_id":"E610BB87","chunk_id":"cyuavwm8exptw","chunk_label":"unnamed-chunk-7"},{"row":233,"row_count":1,"visible":true,"expansion_state":0,"options":{"engine":"r","label":"unnamed-chunk-127","dev":"png"},"document_id":"E610BB87","chunk_id":"cahoptyo1u3c8","chunk_label":"unnamed-chunk-8"},{"row":258,"row_count":1,"visible":true,"expansion_state":0,"options":{"engine":"r","label":"unnamed-chunk-132","dev":"png"},"document_id":"E610BB87","chunk_id":"cug4mt1qzr2ji","chunk_label":"unnamed-chunk-9"},{"row":316,"row_count":1,"visible":true,"expansion_state":0,"options":{"engine":"r","label":"unnamed-chunk-165","dev":"png"},"document_id":"E610BB87","chunk_id":"cjzr17o67a6vb","chunk_label":"unnamed-chunk-10"},{"row":384,"row_count":1,"visible":true,"expansion_state":0,"options":{"engine":"r","label":"unnamed-chunk-173","dev":"png"},"document_id":"E610BB87","chunk_id":"czsyu23ncodgl","chunk_label":"unnamed-chunk-11"},{"row":404,"row_count":1,"visible":true,"expansion_state":0,"options":{"engine":"r","label":"unnamed-chunk-177","dev":"png"},"document_id":"E610BB87","chunk_id":"c1jdkma88kr4r","chunk_label":"unnamed-chunk-12"},{"row":442,"row_count":1,"visible":true,"expansion_state":0,"options":{"engine":"r","label":"unnamed-chunk-183","dev":"png"},"document_id":"E610BB87","chunk_id":"cqse4tvaoo3kz","chunk_label":"unnamed-chunk-13"},{"row":496,"row_count":1,"visible":true,"expansion_state":0,"options":{"engine":"r","label":"unnamed-chunk-199","dev":"png"},"document_id":"E610BB87","chunk_id":"ciqa15fyw87p5","chunk_label":"unnamed-chunk-14"},{"row":519,"row_count":1,"visible":true,"expansion_state":0,"options":{"engine":"r","label":"unnamed-chunk-55","dev":"png"},"document_id":"E610BB87","chunk_id":"c4lv9zoy7gv5x","chunk_label":"unnamed-chunk-15"},{"row":538,"row_count":1,"visible":true,"expansion_state":0,"options":{"engine":"r","label":"unnamed-chunk-57","dev":"png"},"document_id":"E610BB87","chunk_id":"cfxlyswx5kzzu","chunk_label":"unnamed-chunk-16"},{"row":558,"row_count":1,"visible":true,"expansion_state":0,"options":{"engine":"r","label":"unnamed-chunk-60","dev":"png"},"document_id":"E610BB87","chunk_id":"cneqxrawruh6m","chunk_label":"unnamed-chunk-17"},{"row":581,"row_count":1,"visible":true,"expansion_state":0,"options":{"engine":"r","label":"unnamed-chunk-56","dev":"png"},"document_id":"E610BB87","chunk_id":"ccycxqlenrz5d","chunk_label":"unnamed-chunk-18"},{"row":645,"row_count":1,"visible":true,"expansion_state":0,"options":{"engine":"r","label":"unnamed-chunk-38","dev":"png"},"document_id":"E610BB87","chunk_id":"cozsd9hkzwiqe","chunk_label":"unnamed-chunk-21"}],"doc_write_time":1743805683,"chunk_rendered_width":700}