"0","covid_us <- read_csv(""https://raw.githubusercontent.com/CSSEGISandData/COVID-19/refs/heads/master/csse_covid_19_data/csse_covid_19_time_series/time_series_covid19_confirmed_US.csv"")
"
"2","[1mRows: [22m[34m3342[39m [1mColumns: [22m[34m1154[39m"
"2","[36m──[39m [1mColumn specification[22m [36m────────────────────────────────────────────────────────────────────────[39m
[1mDelimiter:[22m "",""
[31mchr[39m    (6): iso2, iso3, Admin2, Province_State, Country_Region, Combined_Key
[32mdbl[39m (1148): UID, code3, FIPS, Lat, Long_, 1/22/20, 1/23/20, 1/24/20, 1/25/20, 1/26/20, 1/27/..."
"2","
[36mℹ[39m Use `spec()` to retrieve the full column specification for this data.
[36mℹ[39m Specify the column types or set `show_col_types = FALSE` to quiet this message."
